{
    "name": "chess_piece",
    "roles": [
        "chess_piece"
    ],
    "lookups": [
        "keywords"
    ],
    "keywords": [
        {
            "keyword": "bishop",
            "synonyms": [
                "bishop",
                "bishop's",
                "bishops"
            ]
        },
        {
            "keyword": "horse",
            "synonyms": [
                "horse"
            ]
        },
        {
            "keyword": "knight",
            "synonyms": [
                "knight",
                "knight's",
                "night",
                "nights",
                "nite"
            ]
        },
        {
            "keyword": "pawn",
            "synonyms": [
                "pawn",
                "pawns",
                "pond",
                "pone",
                "porn"
            ]
        },
        {
            "keyword": "rook",
            "synonyms": [
                "castle",
                "castles",
                "look",
                "rock",
                "rook",
                "rooks"
            ]
        }
    ]
}
