{
    "name": "chess_square",
    "roles": [
        "chess_square"
    ],
    "lookups": [
        "keywords"
    ],
    "keywords": [
        {
            "keyword": "a1",
            "synonyms": [
                "a1"
            ]
        },
        {
            "keyword": "a8",
            "synonyms": [
                "a8"
            ]
        },
        {
            "keyword": "b1",
            "synonyms": [
                "b1"
            ]
        },
        {
            "keyword": "b8",
            "synonyms": [
                "b8"
            ]
        },
        {
            "keyword": "c1",
            "synonyms": [
                "c1"
            ]
        },
        {
            "keyword": "c3",
            "synonyms": [
                "c3",
                "see 3",
                "see three"
            ]
        },
        {
            "keyword": "c6",
            "synonyms": [
                "c6"
            ]
        },
        {
            "keyword": "c8",
            "synonyms": [
                "c8"
            ]
        },
        {
            "keyword": "d4",
            "synonyms": [
                "d4"
            ]
        },
        {
            "keyword": "d5",
            "synonyms": [
                "d5"
            ]
        },
        {
            "keyword": "e4",
            "synonyms": [
                "e for",
                "e4",
                "eat four",
                "he four"
            ]
        },
        {
            "keyword": "e5",
            "synonyms": [
                "e5"
            ]
        },
        {
            "keyword": "f1",
            "synonyms": [
                "f1"
            ]
        },
        {
            "keyword": "f3",
            "synonyms": [
                "f three",
                "f3"
            ]
        },
        {
            "keyword": "f6",
            "synonyms": [
                "f6"
            ]
        },
        {
            "keyword": "f8",
            "synonyms": [
                "f8"
            ]
        },
        {
            "keyword": "g1",
            "synonyms": [
                "g1"
            ]
        },
        {
            "keyword": "g5",
            "synonyms": [
                "g5",
                "need 5"
            ]
        },
        {
            "keyword": "g8",
            "synonyms": [
                "g8"
            ]
        },
        {
            "keyword": "h1",
            "synonyms": [
                "h1"
            ]
        },
        {
            "keyword": "h8",
            "synonyms": [
                "h8"
            ]
        }
    ]
}
