{
    "utterances": [
        {
            "text": "bishop to c4",
            "entities": [
                {
                    "entity": "chess_piece:chess_piece",
                    "start": 0,
                    "end": 6,
                    "body": "bishop",
                    "entities": []
                }
            ],
            "traits": [],
            "intent": "move_piece"
        },
        {
            "text": "knight to f3",
            "entities": [
                {
                    "entity": "chess_square:chess_square",
                    "start": 10,
                    "end": 12,
                    "body": "f3",
                    "entities": []
                },
                {
                    "entity": "chess_piece:chess_piece",
                    "start": 0,
                    "end": 6,
                    "body": "knight",
                    "entities": []
                }
            ],
            "traits": [],
            "intent": "move_piece"
        },
        {
            "text": "queen to d4",
            "entities": [],
            "traits": [],
            "intent": "move_piece"
        },
        {
            "text": "rook to a8",
            "entities": [
                {
                    "entity": "chess_piece:chess_piece",
                    "start": 0,
                    "end": 4,
                    "body": "rook",
                    "entities": []
                }
            ],
            "traits": [],
            "intent": "move_piece"
        }
    ]
}
